{
  "timestamp": 1758300751.145372,
  "data": {
    "/source/hi": [
      0,
      1758298835.6983209,
      4456639
    ],
    "/source/hihr": [
      0,
      1758300386.6995382,
      4456641
    ],
    "/source/hihrtry": [
      0,
      1758300702.2914898,
      4456642
    ]
  }
}